-- phpMyAdmin SQL Dump
-- version 4.8.5
-- https://www.phpmyadmin.net/
--
-- Servidor: 127.0.0.1
-- Tiempo de generación: 23-09-2019 a las 06:18:32
-- Versión del servidor: 10.1.38-MariaDB
-- Versión de PHP: 7.3.4

SET SQL_MODE = "NO_AUTO_VALUE_ON_ZERO";
SET AUTOCOMMIT = 0;
START TRANSACTION;
SET time_zone = "+00:00";


/*!40101 SET @OLD_CHARACTER_SET_CLIENT=@@CHARACTER_SET_CLIENT */;
/*!40101 SET @OLD_CHARACTER_SET_RESULTS=@@CHARACTER_SET_RESULTS */;
/*!40101 SET @OLD_COLLATION_CONNECTION=@@COLLATION_CONNECTION */;
/*!40101 SET NAMES utf8mb4 */;

--
-- Base de datos: `utn`
--
CREATE DATABASE IF NOT EXISTS `utn` DEFAULT CHARACTER SET latin1 COLLATE latin1_general_ci;
USE `utn`;

-- --------------------------------------------------------

--
-- Estructura de tabla para la tabla `envios`
--

CREATE TABLE `envios` (
  `Numero` int(11) NOT NULL,
  `pNumero` int(11) NOT NULL,
  `Cantidad` int(11) NOT NULL
) ENGINE=InnoDB DEFAULT CHARSET=latin1 COLLATE=latin1_general_ci;

--
-- Volcado de datos para la tabla `envios`
--

INSERT INTO `envios` (`Numero`, `pNumero`, `Cantidad`) VALUES
(100, 1, 500),
(100, 2, 1500),
(100, 3, 100),
(101, 2, 55),
(101, 3, 225),
(102, 1, 600),
(102, 3, 300);

-- --------------------------------------------------------

--
-- Estructura de tabla para la tabla `productos`
--

CREATE TABLE `productos` (
  `pNumero` int(11) UNSIGNED NOT NULL,
  `pNombre` varchar(30) COLLATE latin1_general_ci DEFAULT NULL,
  `Precio` float DEFAULT NULL,
  `Tamaño` varchar(20) COLLATE latin1_general_ci DEFAULT NULL
) ENGINE=InnoDB DEFAULT CHARSET=latin1 COLLATE=latin1_general_ci;

--
-- Volcado de datos para la tabla `productos`
--

INSERT INTO `productos` (`pNumero`, `pNombre`, `Precio`, `Tamaño`) VALUES
(2, 'Cigarrillos', 45.89, 'Mediano'),
(3, 'Gaseosa', 97.5, 'Grande'),
(4, 'Chocolate', 25.35, 'Chico');

-- --------------------------------------------------------

--
-- Estructura de tabla para la tabla `proveedores`
--

CREATE TABLE `proveedores` (
  `Numero` int(10) UNSIGNED NOT NULL,
  `Nombre` varchar(30) COLLATE latin1_general_ci DEFAULT NULL,
  `Domicilio` varchar(50) COLLATE latin1_general_ci DEFAULT NULL,
  `Localidad` varchar(80) COLLATE latin1_general_ci DEFAULT NULL
) ENGINE=InnoDB DEFAULT CHARSET=latin1 COLLATE=latin1_general_ci;

--
-- Volcado de datos para la tabla `proveedores`
--

INSERT INTO `proveedores` (`Numero`, `Nombre`, `Domicilio`, `Localidad`) VALUES
(100, 'Perez', 'Perón 876', 'Quilmes'),
(101, 'Gimenez', 'Mitre 750', 'Avellaneda'),
(102, 'Aguirre', 'Boedo 634', 'Bernal');

--
-- Índices para tablas volcadas
--

--
-- Indices de la tabla `envios`
--
ALTER TABLE `envios`
  ADD PRIMARY KEY (`Numero`,`pNumero`);

--
-- Indices de la tabla `productos`
--
ALTER TABLE `productos`
  ADD PRIMARY KEY (`pNumero`);

--
-- Indices de la tabla `proveedores`
--
ALTER TABLE `proveedores`
  ADD PRIMARY KEY (`Numero`);

--
-- AUTO_INCREMENT de las tablas volcadas
--

--
-- AUTO_INCREMENT de la tabla `productos`
--
ALTER TABLE `productos`
  MODIFY `pNumero` int(11) UNSIGNED NOT NULL AUTO_INCREMENT, AUTO_INCREMENT=5;

--
-- AUTO_INCREMENT de la tabla `proveedores`
--
ALTER TABLE `proveedores`
  MODIFY `Numero` int(10) UNSIGNED NOT NULL AUTO_INCREMENT, AUTO_INCREMENT=108;
COMMIT;

/*!40101 SET CHARACTER_SET_CLIENT=@OLD_CHARACTER_SET_CLIENT */;
/*!40101 SET CHARACTER_SET_RESULTS=@OLD_CHARACTER_SET_RESULTS */;
/*!40101 SET COLLATION_CONNECTION=@OLD_COLLATION_CONNECTION */;
